coef,exp(coef),se(coef),coef lower 95%,coef upper 95%,exp(coef) lower 95%,exp(coef) upper 95%,cmp to,z,p,-log2(p)
-0.0025457143029998016,0.9974575232797535,0.00043510047166077235,-0.003398495557111306,-0.0016929330488882973,0.9966072727924942,0.9983084991539438,0.0,-5.850865418009882,4.890218059584865e-09,27.607454056197795
-0.18527470204478183,0.8308760091611223,0.01875300866860559,-0.2220299236370162,-0.14851948045254745,0.800891398392592,0.8619832151838215,0.0,-9.87973211759616,5.096897950687809e-23,74.0547267142966
