coef,exp(coef),se(coef),coef lower 95%,coef upper 95%,exp(coef) lower 95%,exp(coef) upper 95%,cmp to,z,p,-log2(p)
-0.0017210098171905272,0.9982804702710011,0.0026526676083273855,-0.0069201427924682046,0.0034781231580871506,0.9931037462586875,1.003484178847214,0.0,-0.6487845713454063,0.5164776313467911,0.9532222275857547
-0.01743813632580462,0.9827130280232277,0.09513738081112982,-0.20390397629909113,0.16902770364748188,0.8155406786617526,1.18415294382528,0.0,-0.18329426537843668,0.8545671337409865,0.22673426218928125
0.0002607983094862535,1.000260832320322,0.0003160860119456213,-0.00035871888994406154,0.0008803155089165685,0.9996413454419844,1.00088070310034,0.0,0.825086525914094,0.40932246882179313,1.2886902324844063
