coef,exp(coef),se(coef),coef lower 95%,coef upper 95%,exp(coef) lower 95%,exp(coef) upper 95%,cmp to,z,p,-log2(p)
-0.0036991269211460362,0.9963077064204473,0.0005561106459745438,-0.004789083758675447,-0.002609170083616626,0.9952223656183146,0.9973942308421383,0.0,-6.651782244994759,2.8956490805181604e-11,35.00732226885092
-0.22359882602825584,0.7996358631262084,0.022979802965964444,-0.26863841221337287,-0.17855923984313882,0.7644196104769292,0.8364745027912839,0.0,-9.730232515893618,2.240801653135387e-22,71.91840313465858
