coef,exp(coef),se(coef),coef lower 95%,coef upper 95%,exp(coef) lower 95%,exp(coef) upper 95%,cmp to,z,p,-log2(p)
-0.003724730235969746,0.9962821979671305,0.0005564765662758704,-0.004815404264110968,-0.0026340562078285236,0.9951961712073573,0.9973694098742715,0.0,-6.693417947312502,2.1801730074229755e-11,35.41676641928744
-0.2238490395947488,0.7994358084142451,0.0229908504943457,-0.2689102785376113,-0.17878780065188632,0.7642118187743162,0.8362833393494968,0.0,-9.736440139515567,2.1081016037300471e-22,72.00647368560139
