coef,se(coef),coef lower 95%,coef upper 95%,cmp to,z,p,-log2(p)
787.4134773499168,37.32697838053624,714.2539440723605,860.5730106274731,0.0,21.095023265009452,8.836207118752017e-99,325.7274541583048
