coef,se(coef),coef lower 95%,coef upper 95%,cmp to,z,p,-log2(p)
709.4909805089768,11.890858243323677,686.1853266067911,732.7966344111625,1.0,59.582829599938336,0.0,inf
4.446230829290806,0.18551763285811854,4.082622950391769,4.809838708189843,1.0,18.576297984172953,4.9981795453167096e-77,253.46706057927491
