coef,exp(coef),se(coef),coef lower 95%,coef upper 95%,exp(coef) lower 95%,exp(coef) upper 95%,cmp to,z,p,-log2(p)
0.0014525295069346394,1.0014535849388724,0.00021622305390753618,0.001028740108648606,0.0018763189052206728,1.0010292694432545,1.0018780802930072,0.0,6.717736525707323,1.845690253700054e-11,35.65704858554756
0.1065132132699101,1.1123926246925744,0.009324863291041796,0.08823681705870855,0.12478960948111166,1.0922467540664313,1.1329100744529874,0.0,11.422495960046422,3.228271679691573e-30,97.9670808508891
8.375273972760517,4338.456734641504,0.012854265055156126,8.35008007620468,8.400467869316355,4230.519493512556,4449.147880590036,0.0,651.5560350454274,0.0,inf
0.7001430655527725,2.0140408267241967,0.0057784176031688795,0.6888175751629292,0.7114685559426158,1.9913595076646047,2.0369804829812175,0.0,121.16518978635511,0.0,inf
