coef,exp(coef),se(coef),coef lower 95%,coef upper 95%,exp(coef) lower 95%,exp(coef) upper 95%,cmp to,z,p,-log2(p)
0.004069010419151438,1.004077300081808,0.0002665187188280227,0.003546643329042756,0.00459137750926012,1.0035529401104397,1.0046019340331216,0.0,15.267259414439328,1.263736372320089e-52,172.4025653994367
0.13939919879958387,1.1495829205391097,0.010914994162008172,0.11800620335058291,0.16079219424858485,1.125251091672707,1.17444088788284,0.0,12.771348910546445,2.370110575028183e-37,121.66638514271162
8.452313101577007,4685.899170123225,0.015072505082482859,8.422771534458544,8.481854668695469,4549.495080454509,4826.392961033359,0.0,560.7769282758587,0.0,inf
0.7482840594713767,2.1133704854055035,0.007353388014751807,0.7338716837981146,0.7626964351446387,2.0831302363959057,2.144049724087559,0.0,101.76044810504031,0.0,inf
