coef,exp(coef),se(coef),coef lower 95%,coef upper 95%,exp(coef) lower 95%,exp(coef) upper 95%,cmp to,z,p,-log2(p)
0.004087161845416475,1.0040955256822948,0.0002668487160984697,0.003564147972542721,0.00461017571829023,1.0035705071006413,1.0046208189277703,0.0,15.316400637686687,5.941798822556565e-53,173.49128926980325
0.1396059230638301,1.149820591787909,0.010925902265237139,0.11819154812536072,0.1610202980022995,1.1254596704117543,1.1747088128140617,0.0,12.777518933883677,2.1894290519442287e-37,121.78078481055846
8.45189163521022,4683.924637353672,0.015087138916583184,8.422321386303965,8.481461884116476,4547.447594510361,4824.4976005646495,0.0,560.205064852968,0.0,inf
0.747775879090016,2.112296784826165,0.007357802920294981,0.7333548503608942,0.7621969078191377,2.0820538832072697,2.142978980118345,0.0,101.63032187603592,0.0,inf
