coef,se(coef),coef lower 95%,coef upper 95%,cmp to,z,p,-log2(p)
795.7737601528142,12.581875572178513,771.1137371733801,820.4337831322484,1.0,63.16814656077557,0.0,inf
3.048640169697212,0.10940452330678636,2.8342112442701377,3.2630690951242864,1.0,18.725369918687218,3.075278424639227e-78,257.48967436843316
